LIMIT_BAL,SEX,EDUCATION,MARRIAGE,AGE,PAY_0,PAY_2,PAY_3,PAY_4,PAY_5,PAY_6,BILL_AMT1,BILL_AMT2,BILL_AMT3,BILL_AMT4,BILL_AMT5,BILL_AMT6,PAY_AMT1,PAY_AMT2,PAY_AMT3,PAY_AMT4,PAY_AMT5,PAY_AMT6,diff_paid1,diff_paid2,diff_paid3,diff_paid4,diff_paid5,diff_paid6,sum_bill_amount,sum_payment_delay,sum_payment_amount,%_sum_bill_in_limit
20000,2,2,1,24,2,2,-1,-1,-2,-2,3913,3102,689,0,0,0,0,689,0,0,0,0,3913,2413,689,0,0,0,7704,-2,689,38.519999999999996
120000,2,2,2,26,-1,2,0,0,0,2,2682,1725,2682,3272,3455,3261,0,1000,1000,1000,0,2000,2682,725,1682,2272,3455,1261,17077,3,5000,14.230833333333335
90000,2,2,2,34,0,0,0,0,0,0,29239,14027,13559,14331,14948,15549,1518,1500,1000,1000,1000,5000,27721,12527,12559,13331,13948,10549,101653,0,11018,112.94777777777779
50000,2,2,1,37,0,0,0,0,0,0,46990,48233,49291,28314,28959,29547,2000,2019,1200,1100,1069,1000,44990,46214,48091,27214,27890,28547,231334,0,8388,462.668
